{
  "lang":"en",
  "name":"pipeline",
  "version":"0.0.0",
  "spacy_version":">=3.7.2,<3.8.0",
  "description":"",
  "author":"",
  "email":"",
  "url":"",
  "license":"",
  "spacy_git_version":"a89eae928",
  "vectors":{
    "width":0,
    "vectors":0,
    "keys":0,
    "name":null,
    "mode":"default"
  },
  "labels":{
    "tok2vec":[

    ],
    "ner":[
      "\"B-DES",
      "B-COI",
      "B-DAT",
      "B-DES",
      "B-NCER",
      "B-STU",
      "B-TYP",
      "I-COI",
      "I-DAT",
      "I-DES",
      "I-NCER",
      "I-STU",
      "I-TYP"
    ]
  },
  "pipeline":[
    "tok2vec",
    "ner"
  ],
  "components":[
    "tok2vec",
    "ner"
  ],
  "disabled":[

  ],
  "performance":{
    "ents_f":0.766359791,
    "ents_p":0.7750377453,
    "ents_r":0.7578740157,
    "ents_per_type":{
      "B-COI":{
        "p":0.6538461538,
        "r":0.6538461538,
        "f":0.6538461538
      },
      "I-COI":{
        "p":0.57,
        "r":0.57,
        "f":0.57
      },
      "B-DAT":{
        "p":0.78125,
        "r":0.7352941176,
        "f":0.7575757576
      },
      "I-DAT":{
        "p":0.7745098039,
        "r":0.79,
        "f":0.7821782178
      },
      "B-STU":{
        "p":0.9285714286,
        "r":0.7647058824,
        "f":0.8387096774
      },
      "I-STU":{
        "p":0.8108108108,
        "r":0.7894736842,
        "f":0.8
      },
      "B-DES":{
        "p":0.6343283582,
        "r":0.5944055944,
        "f":0.6137184116
      },
      "I-DES":{
        "p":0.8210227273,
        "r":0.8202459792,
        "f":0.8206341694
      },
      "B-TYP":{
        "p":0.8,
        "r":0.8235294118,
        "f":0.8115942029
      },
      "I-TYP":{
        "p":0.862745098,
        "r":0.6567164179,
        "f":0.7457627119
      },
      "B-NCER":{
        "p":0.6818181818,
        "r":0.5555555556,
        "f":0.612244898
      },
      "I-NCER":{
        "p":0.8109243697,
        "r":0.787755102,
        "f":0.7991718427
      },
      "INCER":{
        "p":0.0,
        "r":0.0,
        "f":0.0
      }
    },
    "tok2vec_loss":3077.3432207997,
    "ner_loss":10178.4300126276
  }
}