{
  "lang":"en",
  "name":"pipeline",
  "version":"0.0.0",
  "spacy_version":">=3.7.2,<3.8.0",
  "description":"",
  "author":"",
  "email":"",
  "url":"",
  "license":"",
  "spacy_git_version":"a89eae928",
  "vectors":{
    "width":0,
    "vectors":0,
    "keys":0,
    "name":null,
    "mode":"default"
  },
  "labels":{
    "tok2vec":[

    ],
    "ner":[
      "\"B-DES",
      "B-COI",
      "B-DAT",
      "B-DES",
      "B-NCER",
      "B-STU",
      "B-TYP",
      "I-COI",
      "I-DAT",
      "I-DES",
      "I-NCER",
      "I-STU",
      "I-TYP"
    ]
  },
  "pipeline":[
    "tok2vec",
    "ner"
  ],
  "components":[
    "tok2vec",
    "ner"
  ],
  "disabled":[

  ],
  "performance":{
    "ents_f":0.7700693756,
    "ents_p":0.7754491018,
    "ents_r":0.7647637795,
    "ents_per_type":{
      "B-COI":{
        "p":0.6808510638,
        "r":0.6153846154,
        "f":0.6464646465
      },
      "I-COI":{
        "p":0.65625,
        "r":0.525,
        "f":0.5833333333
      },
      "B-DAT":{
        "p":0.8064516129,
        "r":0.7352941176,
        "f":0.7692307692
      },
      "I-DAT":{
        "p":0.82,
        "r":0.82,
        "f":0.82
      },
      "B-STU":{
        "p":0.8965517241,
        "r":0.7647058824,
        "f":0.8253968254
      },
      "I-STU":{
        "p":0.8666666667,
        "r":0.6842105263,
        "f":0.7647058824
      },
      "B-DES":{
        "p":0.7227722772,
        "r":0.5104895105,
        "f":0.5983606557
      },
      "I-DES":{
        "p":0.779675491,
        "r":0.8637653737,
        "f":0.8195691203
      },
      "B-TYP":{
        "p":0.8181818182,
        "r":0.7941176471,
        "f":0.8059701493
      },
      "I-TYP":{
        "p":0.8070175439,
        "r":0.6865671642,
        "f":0.7419354839
      },
      "B-NCER":{
        "p":0.6315789474,
        "r":0.4444444444,
        "f":0.5217391304
      },
      "I-NCER":{
        "p":0.8274336283,
        "r":0.7632653061,
        "f":0.7940552017
      },
      "INCER":{
        "p":0.0,
        "r":0.0,
        "f":0.0
      }
    },
    "tok2vec_loss":3748.3973126881,
    "ner_loss":9943.0980058503
  }
}